{
  "features": "/checkpoint/dream/arjangt/video_retrieval/nymeria_atomic/20230608_s0_shelby_arroyo_act3_h8gcy2/clip_l_features.h5",
  "group": "clip",
  "n_frames": 968,
  "dim": 768,
  "top": 5,
  "warmup": 5,
  "trials_per_query": 200,
  "n_queries": 20,
  "median_us": 40.53488373756409,
  "p95_us": 7732.22887655719,
  "p99_us": 56639.92729037994,
  "mean_per_query_median_us": 41.354825953021646,
  "bytes_in_ram": 2973696,
  "bytes_per_frame": 3072
}