{
  "features": "/checkpoint/dream/arjangt/video_retrieval/nymeria_atomic/20230607_s1_barbara_wheeler_act2_ig1oym/clip_l_features.h5",
  "group": "clip",
  "n_frames": 1002,
  "dim": 768,
  "top": 5,
  "warmup": 5,
  "trials_per_query": 200,
  "n_queries": 20,
  "median_us": 40.792510844767094,
  "p95_us": 4695.547185838219,
  "p99_us": 60018.35885923354,
  "mean_per_query_median_us": 40.672923205420375,
  "bytes_in_ram": 3078144,
  "bytes_per_frame": 3072
}