{
  "features": "/checkpoint/dream/arjangt/video_retrieval/nymeria_atomic/20230613_s0_virginia_rivera_act0_b6hopn/clip_l_features.h5",
  "group": "clip",
  "n_frames": 1122,
  "dim": 768,
  "top": 5,
  "warmup": 5,
  "trials_per_query": 200,
  "n_queries": 20,
  "median_us": 44.22455094754696,
  "p95_us": 14458.111103158439,
  "p99_us": 64466.03986201789,
  "mean_per_query_median_us": 63.09679592959583,
  "bytes_in_ram": 3446784,
  "bytes_per_frame": 3072
}