{
  "features": "/checkpoint/dream/arjangt/video_retrieval/nymeria_atomic/20230612_s1_christina_jones_act4_iizndy/clip_l_features.h5",
  "group": "clip",
  "n_frames": 1013,
  "dim": 768,
  "top": 5,
  "warmup": 5,
  "trials_per_query": 200,
  "n_queries": 20,
  "median_us": 38.240919820964336,
  "p95_us": 7787.845982238646,
  "p99_us": 55630.42296562343,
  "mean_per_query_median_us": 50.10689492337406,
  "bytes_in_ram": 3111936,
  "bytes_per_frame": 3072
}