{
  "features": "/checkpoint/dream/arjangt/video_retrieval/nymeria_atomic/20230612_s0_jason_smith_act0_perjr7/clip_l_features.h5",
  "group": "clip",
  "n_frames": 1215,
  "dim": 768,
  "top": 5,
  "warmup": 5,
  "trials_per_query": 200,
  "n_queries": 20,
  "median_us": 38.76106347888708,
  "p95_us": 14001.531770918462,
  "p99_us": 60101.054946426295,
  "mean_per_query_median_us": 1034.4010719563812,
  "bytes_in_ram": 3732480,
  "bytes_per_frame": 3072
}