{
  "features": "/checkpoint/dream/arjangt/video_retrieval/nymeria_atomic/20230609_s1_heather_becker_act3_8le2tb/clip_l_features.h5",
  "group": "clip",
  "n_frames": 748,
  "dim": 768,
  "top": 5,
  "warmup": 5,
  "trials_per_query": 200,
  "n_queries": 20,
  "median_us": 38.26559986919165,
  "p95_us": 22985.659283585843,
  "p99_us": 65378.048876300454,
  "mean_per_query_median_us": 1110.1482203230262,
  "bytes_in_ram": 2297856,
  "bytes_per_frame": 3072
}