{
  "features": "/checkpoint/dream/arjangt/video_retrieval/nymeria_atomic/20230607_s1_barbara_wheeler_act3_qx6buy/clip_l_features.h5",
  "group": "clip",
  "n_frames": 864,
  "dim": 768,
  "top": 5,
  "warmup": 5,
  "trials_per_query": 200,
  "n_queries": 20,
  "median_us": 40.615443140268326,
  "p95_us": 14320.960745681035,
  "p99_us": 60117.79517401008,
  "mean_per_query_median_us": 142.27231731638312,
  "bytes_in_ram": 2654208,
  "bytes_per_frame": 3072
}