{
  "features": "/checkpoint/dream/arjangt/video_retrieval/aria/201703061033/clip_bigg_features.h5",
  "group": "clip",
  "n_frames": 791,
  "dim": 1280,
  "top": 5,
  "warmup": 5,
  "trials_per_query": 200,
  "n_queries": 20,
  "median_us": 37.068966776132584,
  "p95_us": 51.68812349438665,
  "p99_us": 474.310899153346,
  "mean_per_query_median_us": 37.1354166418314,
  "bytes_in_ram": 4049920,
  "bytes_per_frame": 5120
}